<?xml version="1.0" encoding="UTF-8" ?>
<!--
 * IBM Confidential
 *
 * OCO Source Materials
 *
 * 5724-U18, 5737-M66
 *
 * (C) COPYRIGHT IBM CORP. 2014,2021
 *
 * The source code for this program is not published or otherwise
 * divested of its trade secrets, irrespective of what has been
 * deposited with the U.S. Copyright Office.
 * 
 -->
<product>
	<name>Maximo BIM Extensions</name>
	<version>
		<major>8</major>
		<minor>0</minor>
		<modlevel>0</modlevel>
		<patch>9</patch>
		<build>20230220-0000</build>
	</version>
	<dbmaxvarname>BIM</dbmaxvarname>
	<dbscripts>bim</dbscripts>
	<dbversion>V8009-02</dbversion>
	<lastdbversion>V7606-00*V7606-06*V7607-01*V7608-03*V76010-01*V8000-01*V8001-07*V8009-02</lastdbversion>
	<checklicense>1</checklicense>
</product>
